stateCode,stateNameEnglish,districtCode,districtNameEnglish,subdistrictCode,subdistrictNameEnglish,villageCode,villageNameEnglish,pincode,_resource_id,_source_resource_id
10,Bihar,206,Madhubani,1085,Laukaha,219990,Bagha Kusmar,847409,f17a1608-5f10-4610-bb50-a63c80d83974,f17a1608-5f10-4610-bb50-a63c80d83974
23,Madhya Pradesh,420,Panna,3440,Pawai,937938,Maheda,488446,f17a1608-5f10-4610-bb50-a63c80d83974,f17a1608-5f10-4610-bb50-a63c80d83974
23,Madhya Pradesh,411,Jabalpur,3629,Patan,916287,Karhaiyakhurd,483119,f17a1608-5f10-4610-bb50-a63c80d83974,f17a1608-5f10-4610-bb50-a63c80d83974
23,Madhya Pradesh,399,Chhindwara,3652,Parasia,908475,Sethiya,480441,f17a1608-5f10-4610-bb50-a63c80d83974,f17a1608-5f10-4610-bb50-a63c80d83974
8,Rajasthan,107,Jodhpur,570,Jodhpur,926341,Ghewa,342024,f17a1608-5f10-4610-bb50-a63c80d83974,f17a1608-5f10-4610-bb50-a63c80d83974
6,Haryana,69,Mahendragarh,6456,Nangal Chawdhary,900915,Nangal Chaudhry,123023,f17a1608-5f10-4610-bb50-a63c80d83974,f17a1608-5f10-4610-bb50-a63c80d83974
6,Haryana,604,Nuh,423,Ferozepur Jhirka,917646,Thekri (73),122508,f17a1608-5f10-4610-bb50-a63c80d83974,f17a1608-5f10-4610-bb50-a63c80d83974
6,Haryana,604,Nuh,7172,Indri,63093,Bahadri(85),122103,f17a1608-5f10-4610-bb50-a63c80d83974,f17a1608-5f10-4610-bb50-a63c80d83974
6,Haryana,604,Nuh,422,Nuh,913205,Ranika,122103,f17a1608-5f10-4610-bb50-a63c80d83974,f17a1608-5f10-4610-bb50-a63c80d83974
6,Haryana,604,Nuh,424,Punahana,63427,Mhuziaba(240),122508,f17a1608-5f10-4610-bb50-a63c80d83974,f17a1608-5f10-4610-bb50-a63c80d83974
6,Haryana,71,Panipat,375,Panipat,59504,Sec. 11&12 Part II (Ct),132104,f17a1608-5f10-4610-bb50-a63c80d83974,f17a1608-5f10-4610-bb50-a63c80d83974
6,Haryana,71,Panipat,377,Samalkha,911968,Garhi Besak,132104,f17a1608-5f10-4610-bb50-a63c80d83974,f17a1608-5f10-4610-bb50-a63c80d83974
8,Rajasthan,87,Alwar,499,Alwar,914378,Patti Kalan,301001,f17a1608-5f10-4610-bb50-a63c80d83974,f17a1608-5f10-4610-bb50-a63c80d83974
6,Haryana,62,Gurugram,418,Farrukhnagar,916518,Dhani Kawalvali (134)(Bechirag),122505,f17a1608-5f10-4610-bb50-a63c80d83974,f17a1608-5f10-4610-bb50-a63c80d83974
6,Haryana,62,Gurugram,418,Farrukhnagar,916520,Dhani Musepur (134)(Bechirag),122506,f17a1608-5f10-4610-bb50-a63c80d83974,f17a1608-5f10-4610-bb50-a63c80d83974
6,Haryana,62,Gurugram,418,Farrukhnagar,916526,Jori Kalan (24),122503,f17a1608-5f10-4610-bb50-a63c80d83974,f17a1608-5f10-4610-bb50-a63c80d83974
6,Haryana,62,Gurugram,419,Manesar,913035,Rampura(160),122004,f17a1608-5f10-4610-bb50-a63c80d83974,f17a1608-5f10-4610-bb50-a63c80d83974
6,Haryana,62,Gurugram,6420,Wazirabad St,934122,Gwal Pahari,122003,f17a1608-5f10-4610-bb50-a63c80d83974,f17a1608-5f10-4610-bb50-a63c80d83974
6,Haryana,63,Hisar,394,Hisar,645583,Ccs Hau Campus&Mini Sect. (Og),125004,f17a1608-5f10-4610-bb50-a63c80d83974,f17a1608-5f10-4610-bb50-a63c80d83974
6,Haryana,63,Hisar,394,Hisar,916566,Chandan Nagar (145),125004,f17a1608-5f10-4610-bb50-a63c80d83974,f17a1608-5f10-4610-bb50-a63c80d83974
6,Haryana,64,Jhajjar,410,Matenhail,913157,Azadnagar,124106,f17a1608-5f10-4610-bb50-a63c80d83974,f17a1608-5f10-4610-bb50-a63c80d83974
6,Haryana,66,Kaithal,367,Guhla,910954,Ajitnagar,136034,f17a1608-5f10-4610-bb50-a63c80d83974,f17a1608-5f10-4610-bb50-a63c80d83974
6,Haryana,66,Kaithal,367,Guhla,910956,Dharampura,136027,f17a1608-5f10-4610-bb50-a63c80d83974,f17a1608-5f10-4610-bb50-a63c80d83974
6,Haryana,66,Kaithal,367,Guhla,910957,Govindpura,136033,f17a1608-5f10-4610-bb50-a63c80d83974,f17a1608-5f10-4610-bb50-a63c80d83974
6,Haryana,66,Kaithal,367,Guhla,910944,Nanakpura,136034,f17a1608-5f10-4610-bb50-a63c80d83974,f17a1608-5f10-4610-bb50-a63c80d83974
6,Haryana,66,Kaithal,367,Guhla,910943,Sultania Kartarpur,136034,f17a1608-5f10-4610-bb50-a63c80d83974,f17a1608-5f10-4610-bb50-a63c80d83974
6,Haryana,67,Karnal,373,Assandh,911993,Dera Satsang,132040,f17a1608-5f10-4610-bb50-a63c80d83974,f17a1608-5f10-4610-bb50-a63c80d83974
6,Haryana,67,Karnal,373,Assandh,910903,Faizpur,132040,f17a1608-5f10-4610-bb50-a63c80d83974,f17a1608-5f10-4610-bb50-a63c80d83974
6,Haryana,67,Karnal,373,Assandh,901055,Pabana Hasanpur,132040,f17a1608-5f10-4610-bb50-a63c80d83974,f17a1608-5f10-4610-bb50-a63c80d83974
6,Haryana,67,Karnal,373,Assandh,910960,Padhana,132039,f17a1608-5f10-4610-bb50-a63c80d83974,f17a1608-5f10-4610-bb50-a63c80d83974
6,Haryana,67,Karnal,374,Gharaunda,910925,Bharatpur,132114,f17a1608-5f10-4610-bb50-a63c80d83974,f17a1608-5f10-4610-bb50-a63c80d83974
6,Haryana,67,Karnal,374,Gharaunda,910928,Dera Majbi Sikh,132114,f17a1608-5f10-4610-bb50-a63c80d83974,f17a1608-5f10-4610-bb50-a63c80d83974
6,Haryana,67,Karnal,371,Indri,910893,Bir Majri,132054,f17a1608-5f10-4610-bb50-a63c80d83974,f17a1608-5f10-4610-bb50-a63c80d83974
6,Haryana,67,Karnal,371,Indri,910894,Dera Halwana,132041,f17a1608-5f10-4610-bb50-a63c80d83974,f17a1608-5f10-4610-bb50-a63c80d83974
6,Haryana,67,Karnal,372,Karnal,912000,Andhera,132037,f17a1608-5f10-4610-bb50-a63c80d83974,f17a1608-5f10-4610-bb50-a63c80d83974
6,Haryana,67,Karnal,372,Karnal,910933,Dabarki Khurd,132022,f17a1608-5f10-4610-bb50-a63c80d83974,f17a1608-5f10-4610-bb50-a63c80d83974
6,Haryana,67,Karnal,372,Karnal,910938,Doula Kuwan,132024,f17a1608-5f10-4610-bb50-a63c80d83974,f17a1608-5f10-4610-bb50-a63c80d83974
6,Haryana,67,Karnal,372,Karnal,916527,Fatehgarh (62),132024,f17a1608-5f10-4610-bb50-a63c80d83974,f17a1608-5f10-4610-bb50-a63c80d83974
6,Haryana,67,Karnal,372,Karnal,910962,Modipur,132023,f17a1608-5f10-4610-bb50-a63c80d83974,f17a1608-5f10-4610-bb50-a63c80d83974
6,Haryana,67,Karnal,372,Karnal,910963,Rattan Garh,132036,f17a1608-5f10-4610-bb50-a63c80d83974,f17a1608-5f10-4610-bb50-a63c80d83974
6,Haryana,67,Karnal,372,Karnal,59310,Uncha Siwana (Ct),132037,f17a1608-5f10-4610-bb50-a63c80d83974,f17a1608-5f10-4610-bb50-a63c80d83974
6,Haryana,67,Karnal,6451,Nigdu St,934303,Bahola Khalsa,132117,f17a1608-5f10-4610-bb50-a63c80d83974,f17a1608-5f10-4610-bb50-a63c80d83974
6,Haryana,68,Kurukshetra,365,Pehowa,916603,Chuniya Farm (45),136128,f17a1608-5f10-4610-bb50-a63c80d83974,f17a1608-5f10-4610-bb50-a63c80d83974
6,Haryana,68,Kurukshetra,365,Pehowa,58439,Garhi Singha (156),136128,f17a1608-5f10-4610-bb50-a63c80d83974,f17a1608-5f10-4610-bb50-a63c80d83974
6,Haryana,68,Kurukshetra,365,Pehowa,911966,Madan Pur,136030,f17a1608-5f10-4610-bb50-a63c80d83974,f17a1608-5f10-4610-bb50-a63c80d83974
6,Haryana,68,Kurukshetra,365,Pehowa,911952,Megha Majra,136130,f17a1608-5f10-4610-bb50-a63c80d83974,f17a1608-5f10-4610-bb50-a63c80d83974
6,Haryana,68,Kurukshetra,366,Thanesar,916604,Dera Sant Singh (379),136119,f17a1608-5f10-4610-bb50-a63c80d83974,f17a1608-5f10-4610-bb50-a63c80d83974
6,Haryana,68,Kurukshetra,366,Thanesar,911905,Gudhi,136132,f17a1608-5f10-4610-bb50-a63c80d83974,f17a1608-5f10-4610-bb50-a63c80d83974
6,Haryana,68,Kurukshetra,366,Thanesar,916560,Sharifgarh (93),136135,f17a1608-5f10-4610-bb50-a63c80d83974,f17a1608-5f10-4610-bb50-a63c80d83974
6,Haryana,619,Palwal,429,Hodal,913210,Beda Patti,121106,f17a1608-5f10-4610-bb50-a63c80d83974,f17a1608-5f10-4610-bb50-a63c80d83974
6,Haryana,619,Palwal,429,Hodal,913211,Gopalgarh,121105,f17a1608-5f10-4610-bb50-a63c80d83974,f17a1608-5f10-4610-bb50-a63c80d83974
6,Haryana,619,Palwal,427,Palwal,916547,Achheja (111),121102,f17a1608-5f10-4610-bb50-a63c80d83974,f17a1608-5f10-4610-bb50-a63c80d83974
6,Haryana,619,Palwal,427,Palwal,916567,Ajijabad (112),121102,f17a1608-5f10-4610-bb50-a63c80d83974,f17a1608-5f10-4610-bb50-a63c80d83974
6,Haryana,619,Palwal,427,Palwal,916551,Bharka (111),121102,f17a1608-5f10-4610-bb50-a63c80d83974,f17a1608-5f10-4610-bb50-a63c80d83974
6,Haryana,619,Palwal,427,Palwal,916573,Hafzabad (110),121106,f17a1608-5f10-4610-bb50-a63c80d83974,f17a1608-5f10-4610-bb50-a63c80d83974
6,Haryana,72,Rewari,413,Kosli,900919,Sihas,123401,f17a1608-5f10-4610-bb50-a63c80d83974,f17a1608-5f10-4610-bb50-a63c80d83974
6,Haryana,74,Sirsa,392,Ellenabad,60809,Amritsar Kalan(129),125102,f17a1608-5f10-4610-bb50-a63c80d83974,f17a1608-5f10-4610-bb50-a63c80d83974
6,Haryana,74,Sirsa,390,Sirsa,943172,Shahsatnampur,125055,f17a1608-5f10-4610-bb50-a63c80d83974,f17a1608-5f10-4610-bb50-a63c80d83974
6,Haryana,74,Sirsa,390,Sirsa,916772,Shah Satnampura (86),125055,f17a1608-5f10-4610-bb50-a63c80d83974,f17a1608-5f10-4610-bb50-a63c80d83974
6,Haryana,75,Sonipat,380,Sonipat,913118,Garhi Hakikat,131001,f17a1608-5f10-4610-bb50-a63c80d83974,f17a1608-5f10-4610-bb50-a63c80d83974
6,Haryana,75,Sonipat,380,Sonipat,913119,Juan II,131024,f17a1608-5f10-4610-bb50-a63c80d83974,f17a1608-5f10-4610-bb50-a63c80d83974
6,Haryana,75,Sonipat,380,Sonipat,916534,Tanda (34),131023,f17a1608-5f10-4610-bb50-a63c80d83974,f17a1608-5f10-4610-bb50-a63c80d83974
6,Haryana,59,Bhiwani,397,Bawani Khera,913055,Alakhpura (132),127041,f17a1608-5f10-4610-bb50-a63c80d83974,f17a1608-5f10-4610-bb50-a63c80d83974
6,Haryana,59,Bhiwani,397,Bawani Khera,913060,Durjanpur (133),127032,f17a1608-5f10-4610-bb50-a63c80d83974,f17a1608-5f10-4610-bb50-a63c80d83974
6,Haryana,59,Bhiwani,397,Bawani Khera,913063,Kungar Chhota Pana (131),127041,f17a1608-5f10-4610-bb50-a63c80d83974,f17a1608-5f10-4610-bb50-a63c80d83974
6,Haryana,59,Bhiwani,397,Bawani Khera,913065,Sikanderpur (133),127032,f17a1608-5f10-4610-bb50-a63c80d83974,f17a1608-5f10-4610-bb50-a63c80d83974
6,Haryana,59,Bhiwani,398,Bhiwani,913076,Kalinga Panu Sawai (130),127114,f17a1608-5f10-4610-bb50-a63c80d83974,f17a1608-5f10-4610-bb50-a63c80d83974
6,Haryana,59,Bhiwani,398,Bhiwani,913078,Patharwali (58),127030,f17a1608-5f10-4610-bb50-a63c80d83974,f17a1608-5f10-4610-bb50-a63c80d83974
6,Haryana,59,Bhiwani,401,Loharu,913084,Bass Kural (70),127201,f17a1608-5f10-4610-bb50-a63c80d83974,f17a1608-5f10-4610-bb50-a63c80d83974
6,Haryana,59,Bhiwani,401,Loharu,916580,Sukhdev Singh Ka Bass (65),127201,f17a1608-5f10-4610-bb50-a63c80d83974,f17a1608-5f10-4610-bb50-a63c80d83974
6,Haryana,59,Bhiwani,399,Tosham,913093,Dhani Katwar (97),127043,f17a1608-5f10-4610-bb50-a63c80d83974,f17a1608-5f10-4610-bb50-a63c80d83974
6,Haryana,59,Bhiwani,399,Tosham,913094,Dhani Miran (89),127040,f17a1608-5f10-4610-bb50-a63c80d83974,f17a1608-5f10-4610-bb50-a63c80d83974
18,Assam,280,Barpeta,2018,Barnagar (Pt),282629,Bahbari,781315,f17a1608-5f10-4610-bb50-a63c80d83974,f17a1608-5f10-4610-bb50-a63c80d83974
18,Assam,280,Barpeta,2018,Barnagar (Pt),282618,Bilashipara Pathar,781315,f17a1608-5f10-4610-bb50-a63c80d83974,f17a1608-5f10-4610-bb50-a63c80d83974
18,Assam,281,Bongaigaon,2111,Boitamari,301346,Hill Block N.C.,783382,f17a1608-5f10-4610-bb50-a63c80d83974,f17a1608-5f10-4610-bb50-a63c80d83974
18,Assam,281,Bongaigaon,2110,Bongaigaon (Pt),301306,Khakarpur Pahar Block N.C Pt-I,783394,f17a1608-5f10-4610-bb50-a63c80d83974,f17a1608-5f10-4610-bb50-a63c80d83974
18,Assam,281,Bongaigaon,2110,Bongaigaon (Pt),301325,New Bongaigaon Rly. Col. (Ct),783394,f17a1608-5f10-4610-bb50-a63c80d83974,f17a1608-5f10-4610-bb50-a63c80d83974
18,Assam,283,Darrang,2146,Pathorighat (Pt),305168,Bologara,784144,f17a1608-5f10-4610-bb50-a63c80d83974,f17a1608-5f10-4610-bb50-a63c80d83974
18,Assam,283,Darrang,2146,Pathorighat (Pt),305136,Chamuakhat,784190,f17a1608-5f10-4610-bb50-a63c80d83974,f17a1608-5f10-4610-bb50-a63c80d83974
18,Assam,283,Darrang,2146,Pathorighat (Pt),305144,Dhansiri Kash,784508,f17a1608-5f10-4610-bb50-a63c80d83974,f17a1608-5f10-4610-bb50-a63c80d83974
18,Assam,283,Darrang,2146,Pathorighat (Pt),305128,Garubandha,784525,f17a1608-5f10-4610-bb50-a63c80d83974,f17a1608-5f10-4610-bb50-a63c80d83974
18,Assam,283,Darrang,2146,Pathorighat (Pt),305183,Gorapari Nispi,784116,f17a1608-5f10-4610-bb50-a63c80d83974,f17a1608-5f10-4610-bb50-a63c80d83974
18,Assam,283,Darrang,2146,Pathorighat (Pt),305127,Jabari Kuchi,784525,f17a1608-5f10-4610-bb50-a63c80d83974,f17a1608-5f10-4610-bb50-a63c80d83974
18,Assam,283,Darrang,2146,Pathorighat (Pt),305166,Jogipara,784147,f17a1608-5f10-4610-bb50-a63c80d83974,f17a1608-5f10-4610-bb50-a63c80d83974
18,Assam,283,Darrang,2146,Pathorighat (Pt),305280,Kacharipara Jangal,784525,f17a1608-5f10-4610-bb50-a63c80d83974,f17a1608-5f10-4610-bb50-a63c80d83974
18,Assam,283,Darrang,2146,Pathorighat (Pt),305152,Kadamtala Bagicha,784525,f17a1608-5f10-4610-bb50-a63c80d83974,f17a1608-5f10-4610-bb50-a63c80d83974
18,Assam,283,Darrang,2146,Pathorighat (Pt),305110,Kaith Para,784525,f17a1608-5f10-4610-bb50-a63c80d83974,f17a1608-5f10-4610-bb50-a63c80d83974
18,Assam,283,Darrang,2146,Pathorighat (Pt),305318,Kherani N.C.,784116,f17a1608-5f10-4610-bb50-a63c80d83974,f17a1608-5f10-4610-bb50-a63c80d83974
18,Assam,283,Darrang,2146,Pathorighat (Pt),305219,Na-Mati Gaon,784514,f17a1608-5f10-4610-bb50-a63c80d83974,f17a1608-5f10-4610-bb50-a63c80d83974
18,Assam,283,Darrang,2146,Pathorighat (Pt),305169,Niz Kharupetia,784115,f17a1608-5f10-4610-bb50-a63c80d83974,f17a1608-5f10-4610-bb50-a63c80d83974
18,Assam,283,Darrang,2146,Pathorighat (Pt),305307,No.4 Silamarikhuti,784113,f17a1608-5f10-4610-bb50-a63c80d83974,f17a1608-5f10-4610-bb50-a63c80d83974
18,Assam,283,Darrang,2146,Pathorighat (Pt),305176,Ondolajar,784115,f17a1608-5f10-4610-bb50-a63c80d83974,f17a1608-5f10-4610-bb50-a63c80d83974
18,Assam,283,Darrang,2146,Pathorighat (Pt),305145,Pub Padokhat,784190,f17a1608-5f10-4610-bb50-a63c80d83974,f17a1608-5f10-4610-bb50-a63c80d83974
18,Assam,283,Darrang,2146,Pathorighat (Pt),305138,Raja Hauli,784529,f17a1608-5f10-4610-bb50-a63c80d83974,f17a1608-5f10-4610-bb50-a63c80d83974
18,Assam,283,Darrang,2146,Pathorighat (Pt),305105,Tengabari Bagicha,784525,f17a1608-5f10-4610-bb50-a63c80d83974,f17a1608-5f10-4610-bb50-a63c80d83974
18,Assam,283,Darrang,2149,Dalgaon (Pt),305240,Batabari,784144,f17a1608-5f10-4610-bb50-a63c80d83974,f17a1608-5f10-4610-bb50-a63c80d83974
18,Assam,283,Darrang,2149,Dalgaon (Pt),305342,Nagazani,784115,f17a1608-5f10-4610-bb50-a63c80d83974,f17a1608-5f10-4610-bb50-a63c80d83974
34,Puducherry,598,Karaikal,5914,Karaikal Taluk,912385,Edatheru,609606,f17a1608-5f10-4610-bb50-a63c80d83974,f17a1608-5f10-4610-bb50-a63c80d83974
34,Puducherry,600,Pondicherry,5912,Bahour Taluk,912383,Krishnavaram,607402,f17a1608-5f10-4610-bb50-a63c80d83974,f17a1608-5f10-4610-bb50-a63c80d83974
34,Puducherry,600,Pondicherry,5912,Bahour Taluk,912388,Kudiyiruppupalayam,607402,f17a1608-5f10-4610-bb50-a63c80d83974,f17a1608-5f10-4610-bb50-a63c80d83974
34,Puducherry,600,Pondicherry,5912,Bahour Taluk,644980,Outchimedu,607402,f17a1608-5f10-4610-bb50-a63c80d83974,f17a1608-5f10-4610-bb50-a63c80d83974
34,Puducherry,600,Pondicherry,5909,Puducherry Taluk,912393,Andiarpalayam,605007,f17a1608-5f10-4610-bb50-a63c80d83974,f17a1608-5f10-4610-bb50-a63c80d83974
34,Puducherry,600,Pondicherry,5911,Villianur Taluk,912403,Kottai Medu,605110,f17a1608-5f10-4610-bb50-a63c80d83974,f17a1608-5f10-4610-bb50-a63c80d83974
18,Assam,283,Darrang,2148,Mangaldoi (Pt),305333,Mowamari,784115,f17a1608-5f10-4610-bb50-a63c80d83974,f17a1608-5f10-4610-bb50-a63c80d83974
18,Assam,283,Darrang,2148,Mangaldoi (Pt),305088,No.2 Nanglichar N.C.,784125,f17a1608-5f10-4610-bb50-a63c80d83974,f17a1608-5f10-4610-bb50-a63c80d83974
27,Maharashtra,478,Jalgaon,3966,Jalgaon,943257,Jalgaon Shahar,425001,f17a1608-5f10-4610-bb50-a63c80d83974,f17a1608-5f10-4610-bb50-a63c80d83974
17,Meghalaya,274,East Khasi Hills,1994,Shella Bholaganj,278901,Cherrapunjee (Ct),793108,f17a1608-5f10-4610-bb50-a63c80d83974,f17a1608-5f10-4610-bb50-a63c80d83974
17,Meghalaya,656,North Garo Hills,7334,Adokgre,275046,Dilma Adap,794110,f17a1608-5f10-4610-bb50-a63c80d83974,f17a1608-5f10-4610-bb50-a63c80d83974
17,Meghalaya,656,North Garo Hills,7334,Adokgre,275058,Matchadu,794110,f17a1608-5f10-4610-bb50-a63c80d83974,f17a1608-5f10-4610-bb50-a63c80d83974
17,Meghalaya,656,North Garo Hills,7334,Adokgre,275106,Remagittim,794110,f17a1608-5f10-4610-bb50-a63c80d83974,f17a1608-5f10-4610-bb50-a63c80d83974
17,Meghalaya,656,North Garo Hills,7334,Adokgre,275096,Tingba,794110,f17a1608-5f10-4610-bb50-a63c80d83974,f17a1608-5f10-4610-bb50-a63c80d83974
17,Meghalaya,656,North Garo Hills,7334,Adokgre,275060,Waramja,794110,f17a1608-5f10-4610-bb50-a63c80d83974,f17a1608-5f10-4610-bb50-a63c80d83974
17,Meghalaya,656,North Garo Hills,1972,Kharkutta,275016,Konchikol Apal,794110,f17a1608-5f10-4610-bb50-a63c80d83974,f17a1608-5f10-4610-bb50-a63c80d83974
17,Meghalaya,656,North Garo Hills,1972,Kharkutta,274954,Mendima (Garo),794110,f17a1608-5f10-4610-bb50-a63c80d83974,f17a1608-5f10-4610-bb50-a63c80d83974
17,Meghalaya,656,North Garo Hills,1972,Kharkutta,275022,Rajasimla Wari,794110,f17a1608-5f10-4610-bb50-a63c80d83974,f17a1608-5f10-4610-bb50-a63c80d83974
17,Meghalaya,656,North Garo Hills,1972,Kharkutta,274968,Tebrongpara,794110,f17a1608-5f10-4610-bb50-a63c80d83974,f17a1608-5f10-4610-bb50-a63c80d83974
17,Meghalaya,656,North Garo Hills,1972,Kharkutta,274971,Tengabari,794110,f17a1608-5f10-4610-bb50-a63c80d83974,f17a1608-5f10-4610-bb50-a63c80d83974
17,Meghalaya,657,East Jaintia Hills,7337,Lumshnong,279594,Nachangzol,793200,f17a1608-5f10-4610-bb50-a63c80d83974,f17a1608-5f10-4610-bb50-a63c80d83974
29,Karnataka,527,Belagavi,7100,Kagwad,939184,Basava Nagar Devaraddi Tot ( Majare),591303,f17a1608-5f10-4610-bb50-a63c80d83974,f17a1608-5f10-4610-bb50-a63c80d83974
29,Karnataka,543,Koppal,5465,Kushtagi,939206,Venkateshwaranagar,583277,f17a1608-5f10-4610-bb50-a63c80d83974,f17a1608-5f10-4610-bb50-a63c80d83974
23,Madhya Pradesh,424,Rewa,3471,Teonthar,908271,Baraunmukt,486117,f17a1608-5f10-4610-bb50-a63c80d83974,f17a1608-5f10-4610-bb50-a63c80d83974
2,Himachal Pradesh,23,Shimla,6964,Dhami,939911,D. P. F. Shalahar,171103,f17a1608-5f10-4610-bb50-a63c80d83974,f17a1608-5f10-4610-bb50-a63c80d83974
2,Himachal Pradesh,23,Shimla,6964,Dhami,939897,Jangal Mahpuna,171103,f17a1608-5f10-4610-bb50-a63c80d83974,f17a1608-5f10-4610-bb50-a63c80d83974
2,Himachal Pradesh,25,Solan,164,Kasauli,939327,Koti Patti Damiana,173220,f17a1608-5f10-4610-bb50-a63c80d83974,f17a1608-5f10-4610-bb50-a63c80d83974
23,Madhya Pradesh,410,Indore,3543,Indore,476380,Bhicholi Mardana (Og),476274,f17a1608-5f10-4610-bb50-a63c80d83974,f17a1608-5f10-4610-bb50-a63c80d83974
3,Punjab,34,Jalandhar,212,Jalandhar - I,30382,Fatehpur (259),144102,f17a1608-5f10-4610-bb50-a63c80d83974,f17a1608-5f10-4610-bb50-a63c80d83974
10,Bihar,218,Saran,1257,Revelganj,233588,Athasia,841301,f17a1608-5f10-4610-bb50-a63c80d83974,f17a1608-5f10-4610-bb50-a63c80d83974
10,Bihar,218,Saran,1257,Revelganj,233598,Jazira No.36(Unsurved),841301,f17a1608-5f10-4610-bb50-a63c80d83974,f17a1608-5f10-4610-bb50-a63c80d83974
10,Bihar,218,Saran,1257,Revelganj,233587,Matarwala,841301,f17a1608-5f10-4610-bb50-a63c80d83974,f17a1608-5f10-4610-bb50-a63c80d83974
10,Bihar,218,Saran,1257,Revelganj,233584,Zail Shahar,841301,f17a1608-5f10-4610-bb50-a63c80d83974,f17a1608-5f10-4610-bb50-a63c80d83974
14,Manipur,257,Senapati,1859,Paomata,928339,Afii,795104,f17a1608-5f10-4610-bb50-a63c80d83974,f17a1608-5f10-4610-bb50-a63c80d83974
22,Chhattisgarh,637,Narayanpur,7321,Kohkameta,931263,Thuthakhar,494661,f17a1608-5f10-4610-bb50-a63c80d83974,f17a1608-5f10-4610-bb50-a63c80d83974
22,Chhattisgarh,637,Narayanpur,3367,Narayanpur,908114,Burgum (Viran),494661,f17a1608-5f10-4610-bb50-a63c80d83974,f17a1608-5f10-4610-bb50-a63c80d83974
22,Chhattisgarh,637,Narayanpur,3367,Narayanpur,931146,Matawand Bagbeda,494661,f17a1608-5f10-4610-bb50-a63c80d83974,f17a1608-5f10-4610-bb50-a63c80d83974
22,Chhattisgarh,637,Narayanpur,3368,Orchha,931214,Harraguda(Harimarka),494661,f17a1608-5f10-4610-bb50-a63c80d83974,f17a1608-5f10-4610-bb50-a63c80d83974
22,Chhattisgarh,637,Narayanpur,3368,Orchha,928028,Kodonaar,494661,f17a1608-5f10-4610-bb50-a63c80d83974,f17a1608-5f10-4610-bb50-a63c80d83974
22,Chhattisgarh,637,Narayanpur,3368,Orchha,908119,Maatwada,494661,f17a1608-5f10-4610-bb50-a63c80d83974,f17a1608-5f10-4610-bb50-a63c80d83974
22,Chhattisgarh,648,Surajpur,3243,Odgi,911538,Bhawarkhoh,497231,f17a1608-5f10-4610-bb50-a63c80d83974,f17a1608-5f10-4610-bb50-a63c80d83974
22,Chhattisgarh,381,Uttar Bastar Kanker,3354,Pakhanjur,912252,Nareki,494777,f17a1608-5f10-4610-bb50-a63c80d83974,f17a1608-5f10-4610-bb50-a63c80d83974
27,Maharashtra,485,Nanded,4098,Hadgaon,544525,Kedarguda,431712,f17a1608-5f10-4610-bb50-a63c80d83974,f17a1608-5f10-4610-bb50-a63c80d83974
6,Haryana,67,Karnal,370,Nilokheri,911987,Bohli,132117,f17a1608-5f10-4610-bb50-a63c80d83974,f17a1608-5f10-4610-bb50-a63c80d83974
6,Haryana,67,Karnal,370,Nilokheri,900893,Dyal Pura,132001,f17a1608-5f10-4610-bb50-a63c80d83974,f17a1608-5f10-4610-bb50-a63c80d83974
6,Haryana,619,Palwal,428,Hathin,916570,Chilli (246),121103,f17a1608-5f10-4610-bb50-a63c80d83974,f17a1608-5f10-4610-bb50-a63c80d83974
6,Haryana,619,Palwal,428,Hathin,916558,Mathepur (211),121103,f17a1608-5f10-4610-bb50-a63c80d83974,f17a1608-5f10-4610-bb50-a63c80d83974
6,Haryana,619,Palwal,427,Palwal,916555,Kamrawali (149),121102,f17a1608-5f10-4610-bb50-a63c80d83974,f17a1608-5f10-4610-bb50-a63c80d83974
6,Haryana,619,Palwal,427,Palwal,916572,Peergarhi (110),121107,f17a1608-5f10-4610-bb50-a63c80d83974,f17a1608-5f10-4610-bb50-a63c80d83974
6,Haryana,619,Palwal,427,Palwal,916553,Sunehari Ka Nangla (190),121004,f17a1608-5f10-4610-bb50-a63c80d83974,f17a1608-5f10-4610-bb50-a63c80d83974
6,Haryana,619,Palwal,427,Palwal,916571,Tappa (110),121107,f17a1608-5f10-4610-bb50-a63c80d83974,f17a1608-5f10-4610-bb50-a63c80d83974
6,Haryana,70,Panchkula,356,Kalka,57045,Hmt Pinjore (Ct),134101,f17a1608-5f10-4610-bb50-a63c80d83974,f17a1608-5f10-4610-bb50-a63c80d83974
6,Haryana,70,Panchkula,356,Kalka,934111,Tigra Sahoo,133302,f17a1608-5f10-4610-bb50-a63c80d83974,f17a1608-5f10-4610-bb50-a63c80d83974
6,Haryana,70,Panchkula,356,Kalka,913048,Uttron(326),133302,f17a1608-5f10-4610-bb50-a63c80d83974,f17a1608-5f10-4610-bb50-a63c80d83974
6,Haryana,70,Panchkula,357,Panchkula,934120,Bihla,134118,f17a1608-5f10-4610-bb50-a63c80d83974,f17a1608-5f10-4610-bb50-a63c80d83974
6,Haryana,70,Panchkula,357,Panchkula,913051,Mirpur(208),134118,f17a1608-5f10-4610-bb50-a63c80d83974,f17a1608-5f10-4610-bb50-a63c80d83974
6,Haryana,70,Panchkula,357,Panchkula,934368,Nadlan,134103,f17a1608-5f10-4610-bb50-a63c80d83974,f17a1608-5f10-4610-bb50-a63c80d83974
8,Rajasthan,113,Sawai Madhopur,6386,Wazeerpur,77079,Chak Redayal Turk,322220,f17a1608-5f10-4610-bb50-a63c80d83974,f17a1608-5f10-4610-bb50-a63c80d83974
8,Rajasthan,113,Sawai Madhopur,6386,Wazeerpur,77077,Rendayal Goojar,322220,f17a1608-5f10-4610-bb50-a63c80d83974,f17a1608-5f10-4610-bb50-a63c80d83974
8,Rajasthan,101,Hanumangarh,469,Pilibanga,926272,15 Pbn,335803,f17a1608-5f10-4610-bb50-a63c80d83974,f17a1608-5f10-4610-bb50-a63c80d83974
8,Rajasthan,101,Hanumangarh,469,Pilibanga,926274,30 Stg,335803,f17a1608-5f10-4610-bb50-a63c80d83974,f17a1608-5f10-4610-bb50-a63c80d83974
8,Rajasthan,108,Karauli,7360,Balghat,76321,Ayyapur,322220,f17a1608-5f10-4610-bb50-a63c80d83974,f17a1608-5f10-4610-bb50-a63c80d83974
8,Rajasthan,108,Karauli,7360,Balghat,76319,Mahswa,322220,f17a1608-5f10-4610-bb50-a63c80d83974,f17a1608-5f10-4610-bb50-a63c80d83974
8,Rajasthan,108,Karauli,7360,Balghat,76280,Penchla,322230,f17a1608-5f10-4610-bb50-a63c80d83974,f17a1608-5f10-4610-bb50-a63c80d83974
8,Rajasthan,108,Karauli,7360,Balghat,76307,Tajpur,322230,f17a1608-5f10-4610-bb50-a63c80d83974,f17a1608-5f10-4610-bb50-a63c80d83974
8,Rajasthan,108,Karauli,522,Hindaun,76294,Nayagaon,322220,f17a1608-5f10-4610-bb50-a63c80d83974,f17a1608-5f10-4610-bb50-a63c80d83974
8,Rajasthan,108,Karauli,524,Mandrayal,76826,Namte Ka Pura,322242,f17a1608-5f10-4610-bb50-a63c80d83974,f17a1608-5f10-4610-bb50-a63c80d83974
8,Rajasthan,108,Karauli,524,Mandrayal,76829,Tupiyal Ka Pura,322242,f17a1608-5f10-4610-bb50-a63c80d83974,f17a1608-5f10-4610-bb50-a63c80d83974
8,Rajasthan,108,Karauli,6379,Masalpur,76696,Barwatpura,322252,f17a1608-5f10-4610-bb50-a63c80d83974,f17a1608-5f10-4610-bb50-a63c80d83974
8,Rajasthan,108,Karauli,6379,Masalpur,76660,Bhaisawat,322241,f17a1608-5f10-4610-bb50-a63c80d83974,f17a1608-5f10-4610-bb50-a63c80d83974
8,Rajasthan,108,Karauli,6379,Masalpur,76703,Danda,322252,f17a1608-5f10-4610-bb50-a63c80d83974,f17a1608-5f10-4610-bb50-a63c80d83974
8,Rajasthan,108,Karauli,6379,Masalpur,76697,Garhi,322241,f17a1608-5f10-4610-bb50-a63c80d83974,f17a1608-5f10-4610-bb50-a63c80d83974
8,Rajasthan,108,Karauli,6379,Masalpur,76744,Ledor Khurd,322241,f17a1608-5f10-4610-bb50-a63c80d83974,f17a1608-5f10-4610-bb50-a63c80d83974
8,Rajasthan,108,Karauli,6379,Masalpur,76670,Mengra Kalan,322241,f17a1608-5f10-4610-bb50-a63c80d83974,f17a1608-5f10-4610-bb50-a63c80d83974
8,Rajasthan,108,Karauli,6379,Masalpur,76702,Peepal Kherla,322252,f17a1608-5f10-4610-bb50-a63c80d83974,f17a1608-5f10-4610-bb50-a63c80d83974
8,Rajasthan,108,Karauli,6379,Masalpur,76753,Tatwai,322241,f17a1608-5f10-4610-bb50-a63c80d83974,f17a1608-5f10-4610-bb50-a63c80d83974
8,Rajasthan,108,Karauli,521,Nadoti,76392,Chak Kemla,322220,f17a1608-5f10-4610-bb50-a63c80d83974,f17a1608-5f10-4610-bb50-a63c80d83974
8,Rajasthan,108,Karauli,521,Nadoti,76388,Ralawata,322220,f17a1608-5f10-4610-bb50-a63c80d83974,f17a1608-5f10-4610-bb50-a63c80d83974
8,Rajasthan,108,Karauli,525,Sapotra,76966,Dhokalpur,322251,f17a1608-5f10-4610-bb50-a63c80d83974,f17a1608-5f10-4610-bb50-a63c80d83974
8,Rajasthan,108,Karauli,525,Sapotra,77070,Kased,322251,f17a1608-5f10-4610-bb50-a63c80d83974,f17a1608-5f10-4610-bb50-a63c80d83974
8,Rajasthan,108,Karauli,525,Sapotra,76987,Ratanapura,322241,f17a1608-5f10-4610-bb50-a63c80d83974,f17a1608-5f10-4610-bb50-a63c80d83974
8,Rajasthan,108,Karauli,7148,Shrimahaveer Ji,76555,Mulya Ka Pura,322230,f17a1608-5f10-4610-bb50-a63c80d83974,f17a1608-5f10-4610-bb50-a63c80d83974
8,Rajasthan,108,Karauli,7148,Shrimahaveer Ji,76556,Vargama,322230,f17a1608-5f10-4610-bb50-a63c80d83974,f17a1608-5f10-4610-bb50-a63c80d83974
8,Rajasthan,108,Karauli,6934,Suroth,76523,Kot Was,322230,f17a1608-5f10-4610-bb50-a63c80d83974,f17a1608-5f10-4610-bb50-a63c80d83974
8,Rajasthan,108,Karauli,520,Todabhim,76252,Badleta Khurd,322238,f17a1608-5f10-4610-bb50-a63c80d83974,f17a1608-5f10-4610-bb50-a63c80d83974
8,Rajasthan,108,Karauli,520,Todabhim,76246,Bholooki Kothi,322238,f17a1608-5f10-4610-bb50-a63c80d83974,f17a1608-5f10-4610-bb50-a63c80d83974
8,Rajasthan,108,Karauli,520,Todabhim,76249,Shankarpur,322238,f17a1608-5f10-4610-bb50-a63c80d83974,f17a1608-5f10-4610-bb50-a63c80d83974
33,Tamil Nadu,568,Chennai,5700,Ambattur,629175,Karambakkam (Ct),600116,f17a1608-5f10-4610-bb50-a63c80d83974,f17a1608-5f10-4610-bb50-a63c80d83974
33,Tamil Nadu,568,Chennai,5700,Ambattur,629173,Nerkunram (Ct),600107,f17a1608-5f10-4610-bb50-a63c80d83974,f17a1608-5f10-4610-bb50-a63c80d83974
33,Tamil Nadu,568,Chennai,5700,Ambattur,629176,Ramapuram (Ct),600089,f17a1608-5f10-4610-bb50-a63c80d83974,f17a1608-5f10-4610-bb50-a63c80d83974
33,Tamil Nadu,568,Chennai,5981,Maduravoyal,945727,Chettiragaram,600077,f17a1608-5f10-4610-bb50-a63c80d83974,f17a1608-5f10-4610-bb50-a63c80d83974
33,Tamil Nadu,568,Chennai,5981,Maduravoyal,945728,Sivapootham,600095,f17a1608-5f10-4610-bb50-a63c80d83974,f17a1608-5f10-4610-bb50-a63c80d83974
33,Tamil Nadu,568,Chennai,5701,Mathavaram,629185,Chettimedu,600060,f17a1608-5f10-4610-bb50-a63c80d83974,f17a1608-5f10-4610-bb50-a63c80d83974
33,Tamil Nadu,568,Chennai,5701,Mathavaram,629183,Elandancheri,600103,f17a1608-5f10-4610-bb50-a63c80d83974,f17a1608-5f10-4610-bb50-a63c80d83974
33,Tamil Nadu,568,Chennai,5701,Mathavaram,629199,Puthagaram (Ct),600099,f17a1608-5f10-4610-bb50-a63c80d83974,f17a1608-5f10-4610-bb50-a63c80d83974
33,Tamil Nadu,568,Chennai,5705,Sholinganallur,945734,Chemmancheri,600119,f17a1608-5f10-4610-bb50-a63c80d83974,f17a1608-5f10-4610-bb50-a63c80d83974
33,Tamil Nadu,568,Chennai,5705,Sholinganallur,945736,Jaladampettai,600100,f17a1608-5f10-4610-bb50-a63c80d83974,f17a1608-5f10-4610-bb50-a63c80d83974
33,Tamil Nadu,568,Chennai,5705,Sholinganallur,629389,Jalladiampet (Ct),600100,f17a1608-5f10-4610-bb50-a63c80d83974,f17a1608-5f10-4610-bb50-a63c80d83974
33,Tamil Nadu,568,Chennai,5705,Sholinganallur,945737,Karappakam,600097,f17a1608-5f10-4610-bb50-a63c80d83974,f17a1608-5f10-4610-bb50-a63c80d83974
33,Tamil Nadu,568,Chennai,5705,Sholinganallur,629382,Madippakkam (Ct),600091,f17a1608-5f10-4610-bb50-a63c80d83974,f17a1608-5f10-4610-bb50-a63c80d83974
33,Tamil Nadu,568,Chennai,5705,Sholinganallur,629385,Oggiyamduraipakkam (Ct),600097,f17a1608-5f10-4610-bb50-a63c80d83974,f17a1608-5f10-4610-bb50-a63c80d83974
33,Tamil Nadu,568,Chennai,5705,Sholinganallur,945739,Okkiyamthuraibakkam,600097,f17a1608-5f10-4610-bb50-a63c80d83974,f17a1608-5f10-4610-bb50-a63c80d83974
33,Tamil Nadu,568,Chennai,5705,Sholinganallur,945740,Paalavakkam,600041,f17a1608-5f10-4610-bb50-a63c80d83974,f17a1608-5f10-4610-bb50-a63c80d83974
